`Abd,al-Rahman,Abnudi,,,,,,
A.,B.,Facey,,,,,,
A.,E.,Housman,,,,,,
A.,E.,Housman,,,,,,
A.,E.,Housman,,,,,,
A.,J.,A.,Symons,,,,,
A.,S.,Byatt,,,,,,
Abhinavagupta,,,,,,,,
Abraham,Lincoln,,,,,,,
Abu,Nuwas,,,,,,,
Adam,Smith,,,,,,,
Adolf,Hitler,,,,,,,
Adrian,Nicole,LeBlanc,,,,,,
Adrienne,Rich,,,,,,,
Aeschylus,,,,,,,,
Aeschylus,,,,,,,,
Aeschylus,,,,,,,,
Agatha,Christie,,,,,,,
Agatha,Christie,,,,,,,
Agatha,Christie,,,,,,,
Agrippa,d'Aubigne,,,,,,,
Aime,Cesaire,,,,,,,
Alan,Bennett,,,,,,,
Alan,Paton,,,,,,,
Albert,Camus,,,,,,,
Albert,Camus,,,,,,,
Albert,Camus,,,,,,,
Albert,Camus,,,,,,,
Albert,Camus,,,,,,,
Albert,Einstein,,,,,,,
Albert,Memmi,,,,,,,
Aldo,Leopold,,,,,,,
Aldous,Huxley,,,,,,,
Aleksandr,Isaevich,Solzhenitsyn,,,,,,
Aleksandr,Solzhenitsyn,,,,,,,
Ales,Adamovich,,,,,,,
Yanka,Bryl,,,,,,,
Vladimir,Kolesnik,,,,,,,
Alessandro,Manzoni,,,,,,,
Alex,Haley,,,,,,,
Alex,Haley,,,,,,,
Alexander,Blok,,,,,,,
Alexander,Hamilton,,,,,,,
James,Madison,,,,,,,
John,Jay,,,,,,,
Alexander,Herzen,,,,,,,
Alexander,McCall,Smith,,,,,,
Alexander,Pope,,,,,,,
Alexander,Pushkin,,,,,,,
Alexander,Pushkin,,,,,,,
Alexander,Pushkin,,,,,,,
Alexander,Pushkin,,,,,,,
Alexander,Pushkin,,,,,,,
Alexander,Pushkin,,,,,,,
Alexander,Radishchev,,,,,,,
Alexander,Tvardovsky,,,,,,,
Alexander,William,Kinglake,,,,,,
Alexandra,Jacopetti,,,,,,,
Alexandre,Dumas,,,,,,,
Alexandre,Dumas,,,,,,,
Alexandre,Dumas,,,,,,,
Alexis,de,Tocqueville,,,,,,
Alfred,C.,Kinsey,,,,,,
Alfred,de,Musset,,,,,,
Alfred,de,Vigny,,,,,,
Alfred,North,Whitehead,,,,,,
Bertrand,Russell,,,,,,,
Alfred,Tennyson,,,,,,,
Alfred,Tennyson,,,,,,,
Alice,Birch,,,,,,,
Alice,Oswald,,,,,,,
Alice,Sebold,,,,,,,
Alice,Walker,,,,,,,
Alison,Bechdel,,,,,,,
Alison,Whittaker,,,,,,,
Allen,Ginsberg,,,,,,,
Allen,Ginsberg,,,,,,,
Aloysius,Bertrand,,,,,,,
Amos,Oz,,,,,,,
Amy,Herzog,,,,,,,
Amy,Tan,,,,,,,
Ana,Blandiana,,,,,,,
Andre,Breton,,,,,,,
Andre,Breton,,,,,,,
Andre,Gide,,,,,,,
Andreas,Embiricos,,,,,,,
Andreas,Embiricos,,,,,,,
Andreas,Embiricos,,,,,,,
Andreas,Kalvos,,,,,,,
Andrew,Hodges,,,,,,,
Andrew,Marvell,,,,,,,
Andrew,Solomon,,,,,,,
Andrey,Voznesensky,,,,,,,
Angelos,Sikelianos,,,,,,,
Ann,Radcliffe,,,,,,,
Anna,Akhmatova,,,,,,,
Anna,Akhmatova,,,,,,,
Anna,Julia,Cooper,,,,,,
Anna,Sewell,,,,,,,
Anne,Bronte,,,,,,,
Anne,Carson,,,,,,,
Anne,Carson,,,,,,,
Anne,Frank,,,,,,,
Annie,Baker,,,,,,,
Annie,Dillard,,,,,,,
Annie,Ernaux,,,,,,,
Anonymous,,,,,,,,
Anonymous,,,,,,,,
Anthony,Bourdain,,,,,,,
Anthony,Burgess,,,,,,,
Anthony,Burgess,,,,,,,
Anthony,Trollope,,,,,,,
Anthony,Trollope,,,,,,,
Antoine,de,Saint-Exupery,,,,,,
Anton,Chekhov,,,,,,,
Anton,Chekhov,,,,,,,
Anton,Chekhov,,,,,,,
Antonio,Gramsci,,,,,,,
Antonio,Machado,,,,,,,
Antonio,Machado,,,,,,,
Aphra,Behn,,,,,,,
Apsley,Cherry-Garrard,,,,,,,
Aristotle,,,,,,,,
Aristotle,,,,,,,,
Aristotle,,,,,,,,
Aristotle,,,,,,,,
Aristotle,,,,,,,,
Armstrong,Sperry,,,,,,,
Arnold,J.,Toynbee,,,,,,
Art,Spiegelman,,,,,,,
Arthur,Conan,Doyle,,,,,,
Arthur,Conan,Doyle,,,,,,
Arthur,Golden,,,,,,,
Arthur,Koestler,,,,,,,
Arthur,Miller,,,,,,,
Arthur,Miller,,,,,,,
Arthur,Miller,,,,,,,
Arthur,Miller,,,,,,,
Arthur,Quiller-Couch,,,,,,,
Arthur,Rimbaud,,,,,,,
Arthur,Rimbaud,,,,,,,
Arthur,Rimbaud,,,,,,,
Arthur,Schopenhauer,,,,,,,
Arundhati,Roy,,,,,,,
Astrid,Lindgren,,,,,,,
Attar,Neyshabouri,,,,,,,
Audre,Lorde,,,,,,,
Audre,Lorde,,,,,,,
Audre,Lorde,,,,,,,
Audre,Lorde,,,,,,,
Audre,Lorde,,,,,,,
Audrey,Niffenegger,,,,,,,
August,Derleth,,,,,,,
August,Kleinzahler,,,,,,,
August,Strindberg,,,,,,,
August,Wilson,,,,,,,
August,Wilson,,,,,,,
Augustine,,,,,,,,
Authors,,,,,,,,
Ayn,Rand,,,,,,,
Ayn,Rand,,,,,,,
B.,W.,Vilakazi,,,,,,
Banine,,,,,,,,
Barack,Obama,,,,,,,
Barbara,Ehrenreich,,,,,,,
Barbara,Kingsolver,,,,,,,
Barbara,Wertheim,Tuchman,,,,,,
Baruch,de,Spinoza,,,,,,
Bei,Dao,,,,,,,
bell,hooks,,,,,,,
Ben,Jonson,,,,,,,
Ben,Lerner,,,,,,,
Benjamin,Franklin,,,,,,,
Benjamin,Spock,,,,,,,
Bernadette,Mayer,,,,,,,
Bernal,Diaz,del,Castillo,,,,,
Bernard,Lonergan,,,,,,,
Bernard,Shaw,,,,,,,
Bernard,Wolfe,,,,,,,
Milton,Mezz,Mezzrow,,,,,,
Bernardine,Evaristo,,,,,,,
Bernhard,Schlink,,,,,,,
Bertolt,Brecht,,,,,,,
Bertolt,Brecht,,,,,,,
Bertrand,Russell,,,,,,,
Beryl,Markham,,,,,,,
Betsy,Cromer,Byars,,,,,,
Betty,Friedan,,,,,,,
Betty,Smith,,,,,,,
Beverly,Cleary,,,,,,,
Blaise,Cendrars,,,,,,,
Blaise,Pascal,,,,,,,
Blaise,Pascal,,,,,,,
Bob,Woodward,,,,,,,
Carl,Bernstein,,,,,,,
Boethius,,,,,,,,
Booker,T.,Washington,,,,,,
Boris,Leonidovich,Pasternak,,,,,,
Boris,Pasternak,,,,,,,
Bram,Stoker,,,,,,,
Brendan,Behan,,,,,,,
Bruce,Catton,,,,,,,
Bruno,Bettelheim,,,,,,,
Bruce,Norris,,,,,,,
By,Jez,Butterworth,,,,,,
Lynn,Nottage,,,,,,,
C.,P.,Cavafy,,,,,,
C.,S.,Lewis,,,,,,
Camara,Laye,,,,,,,
Camilo,Jose,Cela,,,,,,
Cao,Xueqin,,,,,,,
Cardinal,de,Retz,,,,,,
Carl,Jung,,,,,,,
Carl,Sagan,,,,,,,
Carlo,Collodi,,,,,,,
Carlo,Goldoni,,,,,,,
Carlo,Levi,,,,,,,
Carol,Ann,Duffy,,,,,,
Carol,Ryrie,Brink,,,,,,
Carson,McCullers,,,,,,,
Caryl,Churchill,,,,,,,
Catherine,the,Great,,,,,,
Catullus,,,,,,,,
Cesar,Aira,,,,,,,
Cesar,Vallejo,,,,,,,
Cesare,Pavese,,,,,,,
Charles,Baudelaire,,,,,,,
Charles,Darwin,,,,,,,
Charles,De,Gaulle,,,,,,
Charles,Dickens,,,,,,,
Charles,Frazier,,,,,,,
Charlotte,Bronte,,,,,,,
Cheikh,Ahmadou,Bamba,,,,,,
Cheikh,Anta,Diop,,,,,,
Cherrie,Moraga,,,,,,,
Chester,Wilmot,,,,,,,
China,,,,,,,,
China,,,,,,,,
Chinua,Achebe,,,,,,,
Chloe,Moss,,,,,,,
Choderlos,de,Laclos,,,,,,
Christian,Bok,,,,,,,
Christian,Church,,,,,,,
Christina,Georgina,Rossetti,,,,,,
Christine,De,Pizan,,,,,,
Christopher,Marlowe,,,,,,,
Christopher,Okigbo,,,,,,,
Christopher,Paolini,,,,,,,
Christopher,Paul,Curtis,,,,,,
Christopher,Paul,Curtis,,,,,,
Clark,Ashton,Smith,,,,,,
Claude,Levi-Strauss,,,,,,,
Claudia,Rankine,,,,,,,
Claudio,Magris,,,,,,,
Colin,Wilson,,,,,,,
Colleen,McCullough,,,,,,,
Comte,de,Lautreamont,,,,,,
Confucius,,,,,,,,
Constantijn,Huygens,,,,,,,
Cormac,McCarthy,,,,,,,
Cornel,West,,,,,,,
Cornelia,Funke,,,,,,,
Cornelius,Tacitus,,,,,,,
Czeslaw,Milosz,,,,,,,
D.,H.,Lawrence,,,,,,
Dale,Carnegie,,,,,,,
Dan,Brown,,,,,,,
Dan,Simmons,,,,,,,
Daniel,Defoe,,,,,,,
Daniel,Kahneman,,,,,,,
Daniel,Keyes,,,,,,,
Daniel,Paul,Schreber,,,,,,
Dante,Alighieri,,,,,,,
Dante,Alighieri,,,,,,,
Daphne,Du,Maurier,,,,,,
Dashiell,Hammett,,,,,,,
Dave,Eggers,,,,,,,
David,Auburn,,,,,,,
David,Baldacci,,,,,,,
David,Baldacci,,,,,,,
David,Foster,Wallace,,,,,,
David,Guterson,,,,,,,
David,Hare,,,,,,,
David,Hume,,,,,,,
David,Jones,,,,,,,
David,Karena-Holmes,,,,,,,
David,Mamet,,,,,,,
David,Sedaris,,,,,,,
Dee,Alexander,Brown,,,,,,
Denis,de,Rougemont,,,,,,
Denis,Diderot,,,,,,,
Dennis,Kelly,,,,,,,
Derek,Walcott,,,,,,,
Dinos,Christianopoulos,,,,,,,
Dionysios,Solomos,,,,,,,
Djibril,Tamsir,Niane,,,,,,
Dmitry,Svyatopolk,Mirsky,,,,,,
Domingo,Faustino,Sarmiento,,,,,,
Donald,J.,Sobol,,,,,,
Donald,Sidney-Fryer,,,,,,,
Doris,Kearns,Goodwin,,,,,,
Dorothy,Parker,,,,,,,
Douglas,Adams,,,,,,,
Douglas,Hofstadter,,,,,,,
Douglas,Southall,Freeman,,,,,,
Du,Fu,,,,,,,
Dylan,Thomas,,,,,,,
E.,B.,White,,,,,,
William,Strunk,Jr.,,,,,,
E.,E.,Cummings,,,,,,
E.,F.,Schumacher,,,,,,
E.,M.,Forster,,,,,,
E.,P.,Thompson,,,,,,
E.,B.,White,,,,,,
E.,L.,Konigsburg,,,,,,
E.,M.,Forster,,,,,,
Edgar,Allan,Poe,,,,,,
Edgar,Allan,Poe,,,,,,
Edgar,Lee,Masters,,,,,,
Edith,Hamilton,,,,,,,
Edith,Wharton,,,,,,,
Edith,Wharton,,,,,,,
Edith,Wharton,,,,,,,
Edmond,Jabes,,,,,,,
Edmond,Jabes,,,,,,,
Edmond,Rostand,,,,,,,
Edmond,Rostand,,,,,,,
Edmund,Burke,,,,,,,
Edmund,Crispin,,,,,,,
Edmund,Husserl,,,,,,,
Edmund,Spenser,,,,,,,
Edmund,Wilson,,,,,,,
Edna,Lewis,,,,,,,
Edna,St.,Vincent,Millay,,,,,
Edna,St.,Vincent,Millay,,,,,
Edward,Abbey,,,,,,,
Edward,Albee,,,,,,,
Edward,Bellamy,,,,,,,
Edward,Bulwer,Lytton,,,,,,
Edward,FitzGerald,,,,,,,
Edward,Gibbon,,,,,,,
Edward,Thomas,,,,,,,
Edward,W.,Said,,,,,,
Edwin,A.,Abbott,,,,,,
Ekaterina,Romanovna,Dashkova,,,,,,
Elias,Canetti,,,,,,,
Elias,Canetti,,,,,,,
Elias,Lonnrot,,,,,,,
Elie,Wiesel,,,,,,,
Elif,Shafak,,,,,,,
Eliot,Weinberger,,,,,,,
Elizabeth,Acevedo,,,,,,,
Elizabeth,Bishop,,,,,,,
Elizabeth,Bishop,,,,,,,
Elizabeth,Bishop,,,,,,,
Elizabeth,Caffin,,,,,,,
Terry,Sturm,,,,,,,
Elizabeth,Cleghorn,Gaskell,,,,,,
Elizabeth,Gaskell,,,,,,,
Elizabeth,George,Speare,,,,,,
Elizabeth,Kolbert,,,,,,,
Elizabeth,Smart,,,,,,,
Ellen,Raskin,,,,,,,
Emil,Cioran,,,,,,,
Emil,Cioran,,,,,,,
Emil,Ludwig,,,,,,,
Emile,Durkheim,,,,,,,
emile,Zola,,,,,,,
emile,Zola,,,,,,,
Emily,Bronte,,,,,,,
Emily,Dickinson,,,,,,,
Emma,Donoghue,,,,,,,
Encyclopedia,Britannica,,,,,,,
Eoin,Colfer,,,,,,,
Erasmus,,,,,,,,
Erich,Maria,Remarque,,,,,,
Erik,Larson,,,,,,,
Erik,Lindegren,,,,,,,
Ernest,H.,Gombrich,,,,,,
Ernest,Hemingway,,,,,,,
Ernest,Hemingway,,,,,,,
Ernest,Hemingway,,,,,,,
Ernest,Hemingway,,,,,,,
Ernest,Hemingway,,,,,,,
Ernest,Hemingway,,,,,,,
Ernst,Junger,,,,,,,
Es'kia,Mphahlele,,,,,,,
Esther,Forbes,,,,,,,
Eugene,Genovese,,,,,,,
Eugene,Ionesco,,,,,,,
Eugene,Lee-Hamilton,,,,,,,
Eugene,N.,Marais,,,,,,
Eugene,O'Neill,,,,,,,
Eugene,O'Neill,,,,,,,
Eugenio,Montale,,,,,,,
Euripides,,,,,,,,
Euripides,,,,,,,,
Evelyn,Waugh,,,,,,,
Ezra,Pound,,,,,,,
Ezra,Pound,,,,,,,
Ezra,Pound,,,,,,,
Ezra,Pound,,,,,,,
F.,R.,Leavis,,,,,,
F.,R.,Leavis,,,,,,
F.,Scott,Fitzgerald,,,,,,
F.,Scott,Fitzgerald,,,,,,
F.,Scott,Fitzgerald,,,,,,
Fadwa,Tuqan,,,,,,,
Fannie,Flagg,,,,,,,
Fanny,Howe,,,,,,,
Federico,Garcia,Lorca,,,,,,
Federico,Garcia,Lorca,,,,,,
Federico,Garcia,Lorca,,,,,,
Federico,Garcia,Lorca,,,,,,
Ferdowsi,,,,,,,,
Fernand,Braudel,,,,,,,
Fernando,Pessoa,,,,,,,
Fernando,Pessoa,,,,,,,
Frances,A.,Yates,,,,,,
Frances,Hodgson,Burnett,,,,,,
Francesco,Petrarca,,,,,,,
Francesco,Petrarca,,,,,,,
Francis,Bacon,,,,,,,
Francis,Ponge,,,,,,,
Francisco,de,Quevedo,,,,,,
Francisco,Umbral,,,,,,,
Francois,duc,de,La,Rochefoucauld,,,,
Francois,Haverschmidt,,,,,,,
Francois,Villon,,,,,,,
Francois-Auguste-Rene,de,Chateaubriand,,,,,,
Frank,McCourt,,,,,,,
Frank,O'Hara,,,,,,,
Frantz,Fanon,,,,,,,
Franz,Fuhmann,,,,,,,
Franz,Kafka,,,,,,,
Franz,Kafka,,,,,,,
Franz,Kafka,,,,,,,
Fred,Gipson,,,,,,,
Frederick,Douglass,,,,,,,
Frederick,J.,Turner,,,,,,
Frederick,Seidel,,,,,,,
Friederike,Mayrucker,,,,,,,
Friedrich,Holderlin,,,,,,,
Friedrich,Holderlin,,,,,,,
Friedrich,Nietzsche,,,,,,,
Friedrich,Nietzsche,,,,,,,
Friedrich,von,Hayek,,,,,,
Friedrich,von,Hayek,,,,,,
Fritz,Zorn,,,,,,,
Fyodor,Dostoyevsky,,,,,,,
Fyodor,Dostoyevsky,,,,,,,
G.,A.,Bredero,,,,,,
G.,H.,Hardy,,,,,,
G.,K.,Chesterton,,,,,,
G.,K.,Chesterton,,,,,,
G.,K.,Chesterton,,,,,,
G.,W.,F.,Hegel,,,,,
Gabriel,Garcia,Marquez,,,,,,
Gabriel,Garcia,Marquez,,,,,,
Gabriel,Garcia,Marquez,,,,,,
Galileo,,,,,,,,
Galina,Rymbu,,,,,,,
Eugene,Ostashevsky,,,,,,,
Ainsley,Morse,,,,,,,
Galway,Kinnell,,,,,,,
Gandhi,,,,,,,,
Garrett,Mattingly,,,,,,,
Gary,Paulsen,,,,,,,
Gaston,Bachelard,,,,,,,
Gaston,Leroux,,,,,,,
Geoffrey,Blainey,,,,,,,
Geoffrey,Chaucer,,,,,,,
Geoffrey,Chaucer,,,,,,,
Georg,Buchner,,,,,,,
George,Bernard,Shaw,,,,,,
George,Bernard,Shaw,,,,,,
George,Dangerfield,,,,,,,
George,Edward,Moore,,,,,,
George,Eliot,,,,,,,
George,Eliot,,,,,,,
George,Eliot,,,,,,,
George,Eliot,,,,,,,
George,Herbert,,,,,,,
George,Herbert,,,,,,,
George,MacDonald,,,,,,,
George,Orwell,,,,,,,
George,Orwell,,,,,,,
George,Orwell,,,,,,,
George,Orwell,,,,,,,
George,Orwell,,,,,,,
George,R.R.,Martin,,,,,,
George,Seferis,,,,,,,
George,Seferis,,,,,,,
George,Seferis,,,,,,,
George,Seferis,,,,,,,
George,Selden,,,,,,,
George,Sterling,,,,,,,
Gerald,Durrell,,,,,,,
Gerald,Manley,Hopkins,,,,,,
Gerard,de,Nerval,,,,,,
Germaine,Greer,,,,,,,
Gerrit,Achterberg,,,,,,,
Gerrit,van,de,Linde,,,,,
Gertrude,Stein,,,,,,,
Gertrude,Stein,,,,,,,
Giacomo,Casanova,,,,,,,
Giacomo,Leopardi,,,,,,,
Gilbert,White,,,,,,,
Gillian,Flynn,,,,,,,
Giorgio,Vasari,,,,,,,
Giorgos,Heimonas,,,,,,,
Giovanni,Boccaccio,,,,,,,
Giovanni,Papini,,,,,,,
Giuseppe,Tomasi,di,Lampedusa,,,,,
Gottfried,Burger,,,,,,,
Graham,Greene,,,,,,,
Graham,Greene,,,,,,,
Graham,Greene,,,,,,,
Guillaume,de,Lorris,,,,,,
Guillaume,Apollinaire,,,,,,,
Guillaume,Apollinaire,,,,,,,
Gunnar,Myrdal,,,,,,,
Gustave,Flaubert,,,,,,,
Gustave,Flaubert,,,,,,,
Gustave,Roud,,,,,,,
Gustavo,Adolfo,Becquer,,,,,,
Gwendolyn,Brooks,,,,,,,
Gwendolyn,Brooks,,,,,,,
Gyorgy,Faludy,,,,,,,
H.,L.,Mencken,,,,,,
H.,P.,Lovecraft,,,,,,
H.,Rider,Haggard,,,,,,
H.,G.,Wells,,,,,,
Hadewijch,,,,,,,,
Han,Shan,,,,,,,
Hannah,Arendt,,,,,,,
Hannah,Arendt,,,,,,,
Hannah,Senesh,,,,,,,
Harold,Pinter,,,,,,,
Harold,Pinter,,,,,,,
Harold,Pinter,,,,,,,
Harold,Pinter,,,,,,,
Harper,Lee,,,,,,,
Harper,Lee,,,,,,,
Harriet,Beecher,Stowe,,,,,,
Harriet,Jacobs,,,,,,,
Harry,Martinson,,,,,,,
Harry,Martinson,,,,,,,
Havelock,Ellis,,,,,,,
Heather,L.,Clark,,,,,,
Hector,Viel,Temperley,,,,,,
Heinrich,Harrer,,,,,,,
Heinrich,Heine,,,,,,,
Helen,Gardner,,,,,,,
Helen,Keller,,,,,,,
Helen,MacDonald,,,,,,,
Hendrik,Tollens,,,,,,,
Henri,Michaux,,,,,,,
Henrik,Ibsen,,,,,,,
Henrik,Ibsen,,,,,,,
Henry,Adams,,,,,,,
Henry,Adams,,,,,,,
Henry,David,Thoreau,,,,,,
Henry,Fielding,,,,,,,
Henry,James,,,,,,,
Henry,James,,,,,,,
Henry,James,,,,,,,
Henry,James,,,,,,,
Henryk,Sienkiewicz,,,,,,,
Heraclitus,,,,,,,,
Herman,Gorter,,,,,,,
Herman,Gorter,,,,,,,
Herman,Melville,,,,,,,
Herman,Wouk,,,,,,,
Hermann,Hesse,,,,,,,
Hermann,Hesse,,,,,,,
Herodotus,,,,,,,,
Hesiod,,,,,,,,
Hesiod,,,,,,,,
Hieronymus,van,Alphen,,,,,,
Hilda,Doolittle,,,,,,,
Hilda,Doolittle,,,,,,,
Hindu,scripture,,,,,,,
Ho,Chi,Minn,,,,,,
Homer,,,,,,,,
Homer,,,,,,,,
Honore,de,Balzac,,,,,,
Honore,de,Balzac,,,,,,
Horace,,,,,,,,
Howard,Pyle,,,,,,,
Howard,Zinn,,,,,,,
Hugo,Claus,,,,,,,
Hunter,S.,Thompson,,,,,,
Ian,McEwan,,,,,,,
Ibn,Battuta,,,,,,,
Ida,Gerhardt,,,,,,,
Ida,Vitale,,,,,,,
Igor,Stravinsky,,,,,,,
Ilya,Kaminsky,,,,,,,
Imants,Ziedonis,,,,,,,
Immanuel,Kant,,,,,,,
Inger,Christensen,,,,,,,
Irma,S.,Rombauer,,,,,,
Marion,Rombauer,Becker,,,,,,
Ethan,Becker,,,,,,,
Irving,Babbitt,,,,,,,
Isaac,Newton,,,,,,,
Isabel,Allende,,,,,,,
Isabel,Allende,,,,,,,
Isabel,Wilkerson,,,,,,,
Isaiah,Berlin,,,,,,,
Isak,Dinesen,,,,,,,
Ishmael,Beah,,,,,,,
Ivan,Sergeevich,Turgenev,,,,,,
Izaak,Walton,,,,,,,
J.,C.,Bloem,,,,,,
J.D.,D.,Salinger,,,,,,
J.H.,H.,Leopold,,,,,,
J.,J.,Slauerhoff,,,,,,
J.M.,,Barrie,,,,,,
J.,R.,R.,Tolkien,,,,,
Jack,Kerouac,,,,,,,
Jack,London,,,,,,,
Jacob,Cats,,,,,,,
Jacqueline,Woodson,,,,,,,
Jacques,Cousteau,,,,,,,
Jacques,Perk,,,,,,,
Jacques,Prevert,,,,,,,
Jaime,Gil,de,Biedma,,,,,
Jalal,al-Din,Muhammad,Rumi,,,,,
James,A.,Emanuel,Comp,,,,,
Theodore,L.,Gross,,,,,,
James,Agee,,,,,,,
James,Baldwin,,,,,,,
James,Baldwin,,,,,,,
James,Baldwin,,,,,,,
James,Boswell,,,,,,,
James,Boswell,,,,,,,
James,Burnham,,,,,,,
James,Burnham,,,,,,,
James,D.,Watson,,,,,,
James,Dashner,,,,,,,
James,Fenimore,Cooper,,,,,,
James,George,Frazer,,,,,,
James,Gleick,,,,,,,
James,Hilton,,,,,,,
James,Joyce,,,,,,,
James,Joyce,,,,,,,
James,Joyce,,,,,,,
James,M.,McPherson,,,,,,
James,McBride,,,,,,,
James,McNeill,Whistler,,,,,,
James,Patterson,,,,,,,
James,Patterson,,,,,,,
James,Patterson,,,,,,,
James,Patterson,,,,,,,
James,Patterson,,,,,,,
James,West,Davidson,,,,,,
John,Rugge,,,,,,,
Jan,Morris,,,,,,,
Jane,Addams,,,,,,,
Jane,Austen,,,,,,,
Jane,Austen,,,,,,,
Jane,Austen,,,,,,,
Jane,Austen,,,,,,,
Jane,Austen,,,,,,,
Jane,Jacobs,,,,,,,
Jane,Jacobs,,,,,,,
Jane,Kenyon,,,,,,,
Janet,Evanovich,,,,,,,
Janet,Malcolm,,,,,,,
Jared,Diamond,,,,,,,
Jason,Reynolds,,,,,,,
Jean,Craighead,George,,,,,,
Jean,Craighead,George,,,,,,
Jean,de,La,Bruyere,,,,,
Jean,de,la,Croix,,,,,
Jean,de,La,Fontaine,,,,,
Jean,Genet,,,,,,,
Jean,M.,Auel,,,,,,
Jean,M.,Auel,,,,,,
Jean,Paul,Sartre,,,,,,
Jean,Paul,Sartre,,,,,,
Jean,Paul,Sartre,,,,,,
Jean,Racine,,,,,,,
Jean,Toomer,,,,,,,
Jean-Jacques,Rousseau,,,,,,,
Jean-Jacques,Rousseau,,,,,,,
Jean-Jacques,Rousseau,,,,,,,
Jean-Jacques,Rousseau,,,,,,,
Jean-Paul,Sartre,,,,,,,
Jean-Paul,Satre,,,,,,,
Jeff,Kinney,,,,,,,
Jeff,Kinney,,,,,,,
Jeff,Kinney,,,,,,,
Jessica,Mitford,,,,,,,
Joachim,Du,Bellay,,,,,,
Joan,Didion,,,,,,,
Joan,Didion,,,,,,,
Joanna,Murray-Smith,,,,,,,
Jodi,Picoult,,,,,,,
Johan,Huizinga,,,,,,,
Johann,David,Wyss,,,,,,
Johann,Wolfgang,von,Goethe,,,,,
Johann,Wolfgang,von,Goethe,,,,,
Johann,Wolfgang,von,Goethe,,,,,
Johanna,Spyri,,,,,,,
John,Ashbery,,,,,,,
John,Ashbery,,,,,,,
John,Aubrey,,,,,,,
John,Berger,,,,,,,
John,Berryman,,,,,,,
John,Bunyan,,,,,,,
John,Cooper,Clarke,,,,,,
John,Donne,,,,,,,
John,G.,Neihardt,,,,,,
John,Galsworthy,,,,,,,
John,Green,,,,,,,
John,Grisham,,,,,,,
John,Gross,,,,,,,
John,Hersey,,,,,,,
John,Irving,,,,,,,
John,Irving,,,,,,,
John,Keats,,,,,,,
John,Keats,,,,,,,
John,Keegan,,,,,,,
John,Kenneth,Galbraith,,,,,,
John,Knowles,,,,,,,
John,Le,Carre,,,,,,
John,Locke,,,,,,,
John,Locke,,,,,,,
John,Logan,,,,,,,
John,Masefield,,,,,,,
John,Maynard,Keynes,,,,,,
John,Milton,,,,,,,
John,Muir,,,,,,,
John,Osborne,,,,,,,
John,Patrick,Shanley,,,,,,
John,Patrick,Shanley,,,,,,
John,Rawls,,,,,,,
John,Reed,,,,,,,
John,Steinbeck,,,,,,,
John,Stuart,Mill,,,,,,
John,Szarkowski,,,,,,,
John,Wilmot,,,,,,,
Jomo,Kenyatta,,,,,,,
Jon,Krakauer,,,,,,,
Jon,Krakauer,,,,,,,
Jonathan,Raban,,,,,,,
Jonathan,Swift,,,,,,,
Jonathan,Swift,,,,,,,
Joost,van,den,Vondel,,,,,
Jorge,Luis,Borges,,,,,,
Jorge,Manrique,,,,,,,
Jose,Angel,Valente,,,,,,
Jose,Carlos,Somoza,,,,,,
Jose,Craveirinha,,,,,,,
Jose,Hernandez,,,,,,,
Jose,Ortega,y,Gasset,,,,,
Joseph,A.,Schumpeter,,,,,,
Joseph,Addison,,,,,,,
Richard,Steele,,,,,,,
Joseph,Campbell,,,,,,,
Joseph,Conrad,,,,,,,
Joseph,Conrad,,,,,,,
Joseph,Conrad,,,,,,,
Joseph,Conrad,,,,,,,
Joseph,Heller,,,,,,,
Juan,Ramon,Jimenez,,,,,,
Juana,Bignozzi,,,,,,,
Judy,Blume,,,,,,,
Judy,Blume,,,,,,,
Jules,Renard,,,,,,,
Jules,Verne,,,,,,,
Jules,Verne,,,,,,,
Jules,Verne,,,,,,,
Jules,Verne,,,,,,,
Julian,Olivares,,,,,,,
Jung,Chang,,,,,,,
Juvenal,,,,,,,,
Kae,Tempest,,,,,,,
Kahlil,Gibran,,,,,,,
Kalidasa,,,,,,,,
Kamala,Das,,,,,,,
Kamau,Brathwaite,,,,,,,
Karl,Marx,,,,,,,
Friedrich,Engels,,,,,,,
Karl,Ove,Knausgaard,,,,,,
Karl,Popper,,,,,,,
Kate,DiCamillo,,,,,,,
Kate,DiCamillo,,,,,,,
Kate,DiCamillo,,,,,,,
Kate,Douglas,Smith,Wiggin,,,,,
Kate,Millett,,,,,,,
Kate,Mulvany,,,,,,,
Kate,Mulvany,,,,,,,
Katherine,Boo,,,,,,,
Katherine,Paterson,,,,,,,
Katherine,Paterson,,,,,,,
Kathryn,Stockett,,,,,,,
Kazuo,Ishiguro,,,,,,,
Ken,Bolton,,,,,,,
Ken,Follett,,,,,,,
Ken,Kesey,,,,,,,
Kenneth,Grahame,,,,,,,
Kenneth,Lonergan,,,,,,,
Kenneth,Slessor,,,,,,,
Khaled,Hosseini,,,,,,,
Khaled,Hosseini,,,,,,,
Kiki,Dimoula,,,,,,,
Kim,Edwards,,,,,,,
Konstantin,P.,Pobedonostsev,,,,,,
Kostas,Karyotakis,,,,,,,
Kostas,Karyotakis,,,,,,,
Kostas,Karyotakis,,,,,,,
Kostas,Varnalis,,,,,,,
Kostis,Palamas,,,,,,,
Kurt,Vonnegut,,,,,,,
Kurt,Vonnegut,,,,,,,
Kwame,Alexander,,,,,,,
Kwame,Nkrumah,,,,,,,
L.,Frank,Baum,,,,,,
L.,M.,Montgomery,,,,,,
Lady,Nijo,,,,,,,
Langston,Hughes,,,,,,,
Langston,Hughes,,,,,,,
Lao,Tsu,,,,,,,
Laura,Esquivel,,,,,,,
Laurence,Sterne,,,,,,,
Laurence,Sterne,,,,,,,
Laurie,Lee,,,,,,,
Lawrence,Wright,,,,,,,
Leo,Tolstoy,,,,,,,
Leon,Edel,,,,,,,
Leopold,Sedar,Senghor,,,,,,
Leopold,Sedar,Senghor,,,,,,
Les,A.,Murray,,,,,,
Lew,Wallace,,,,,,,
Lewis,Carroll,,,,,,,
Lewis,Carroll,,,,,,,
Lewis,Carroll,,,,,,,
Lionel,Trilling,,,,,,,
Lois,Lowry,,,,,,,
Lois,Lowry,,,,,,,
Lord,Byron,,,,,,,
Lord,Byron,,,,,,,
Lorraine,Hansberry,,,,,,,
Louis,Aragon,,,,,,,
Louis,Aragon,,,,,,,
Louis,de,Rouvroy,Saint-Simon,,,,,
Louis,MacNeice,,,,,,,
Louis,Sachar,,,,,,,
Louisa,May,Alcott,,,,,,
Louise,Fitzhugh,,,,,,,
Lucebert,,,,,,,,
Lucille,Clifton,,,,,,,
Lucretius,,,,,,,,
Lucretius,,,,,,,,
Lucy,Kirkwood,,,,,,,
Lucy,Prebble,,,,,,,
Ludwig,van,Beethoven,,,,,,
Ludwig,von,Mises,,,,,,
Ludwig,Wittgenstein,,,,,,,
Ludwig,Wittgenstein,,,,,,,
Luigi,Pirandello,,,,,,,
Luis,Cernuda,,,,,,,
Luis,de,Gongora,,,,,,
Luis,de,Gongora,,,,,,
Luis,Vaz,Camunes,,,,,,
Luljeta,Lleshanaku,,,,,,,
Lydia,Ginzburg,,,,,,,
Lyn,Hejinian,,,,,,,
Lynn,Nottage,,,,,,,
Lynn,Nottage,,,,,,,
Lynne,Reid,Banks,,,,,,
Lytton,Strachey,,,,,,,
M.,F.,K.,Fisher,,,,,
M.,Scott,Peck,,,,,,
M.,Vasalis,,,,,,,
Madame,de,Marie-Madeleine,Pioche,de,La,Vergne,La,Fayett
Madeleine,L'Engle,,,,,,,
Maggie,Nelson,,,,,,,
Mahatma,Gandhi,,,,,,,
Mahmoud,Darwish,,,,,,,
Makriyannis,,,,,,,,
Malcolm,Gladwell,,,,,,,
Manolis,Anagnostakis,,,,,,,
Mao,,,,,,,,
Marc,Bloch,,,,,,,
Marcel,Proust,,,,,,,
Marcel,Proust,,,,,,,
Marcus,Aurelius,,,,,,,
Margaret,Atwood,,,,,,,
Margaret,Atwood,,,,,,,
Margaret,Edson,,,,,,,
Margaret,Mead,,,,,,,
Margaret,Mitchell,,,,,,,
Margaret,Sanger,,,,,,,
Margaret,Widdemer,,,,,,,
Marguerite,Henry,,,,,,,
Marguerite,Henry,,,,,,,
Maria,Bloshteyn,,,,,,,
Mariana,Marin,,,,,,,
Marianne,Moore,,,,,,,
Marie,Curie,,,,,,,
Marie,de,Rabutin-Chantal,marquise,de,Sevigne,,,
Marina,Tsvetayeva,,,,,,,
Mario,de,Andrade,,,,,,
Marjane,Satrapi,,,,,,,
Marjorie,Agosin,,,,,,,
Marjorie,Kinnan,Rawlings,,,,,,
Mark,Haddon,,,,,,,
Mark,Kurlansky,,,,,,,
Mark,Salzman,,,,,,,
Mark,Twain,,,,,,,
Mark,Twain,,,,,,,
Mark,Twain,,,,,,,
Mark,Twain,,,,,,,
Mark,Twain,,,,,,,
Markus,Zusak,,,,,,,
Marshall,McLuhan,,,,,,,
Martin,Amis,,,,,,,
Martin,Heidegger,,,,,,,
Martin,Luther,King,,,,,,
Martin,McDonagh,,,,,,,
Martin,McDonagh,,,,,,,
Martinus,Nijhoff,,,,,,,
Martinus,Nijhoff,,,,,,,
Martinus,Nijhoff,,,,,,,
Marvin,Israel,,,,,,,
Doon,Arbus,,,,,,,
Mary,Karr,,,,,,,
Mary,Oliver,,,,,,,
Mary,Oliver,,,,,,,
Mary,Shelley,,,,,,,
Mary,Wollstonecraft,,,,,,,
Matsuo,Basho,,,,,,,
Matsuo,Basho,,,,,,,
Matthew,Desmond,,,,,,,
Matthew,Lewis,,,,,,,
Max,Beerbohm,,,,,,,
Max,Weber,,,,,,,
Max,Weber,,,,,,,
Maxim,Gorky,,,,,,,
Maxine,Hong,Kingston,,,,,,
Maya,Angelou,,,,,,,
Mencius,,,,,,,,
Meyer,Howard,Abrams,,,,,,
Meyne,Wyatt,,,,,,,
Michael,Crichton,,,,,,,
Michael,Frayn,,,,,,,
Michael,Herr,,,,,,,
Michael,M.,Lewis,,,,,,
Michael,Oakeshott,,,,,,,
Michael,Ondaatje,,,,,,,
Michael,Pollan,,,,,,,
Michael,Shaara,,,,,,,
Michalis,Katsaros,,,,,,,
Michel,de,Montaigne,,,,,,
Michel,Foucault,,,,,,,
Michelle,Alexander,,,,,,,
Michelle,Grangaud,,,,,,,
Miguel,de,Cervantes,,,,,,
Miguel,de,Unamuno,,,,,,
Mihail,Sebastian,,,,,,,
Mikhail,Bulgakov,,,,,,,
Mikhail,Lermontov,,,,,,,
Mildred,D.,Taylor,,,,,,
Milman,Parry,,,,,,,
Milton,Friedman,,,,,,,
Miltos,Sachtouris,,,,,,,
Mitch,Albom,,,,,,,
Moliere,,,,,,,,
Moliere,,,,,,,,
Mongane,Wally,Serote,,,,,,
Montesquieu,,,,,,,,
Montesquieu,,,,,,,,
Moyshe,Kulbak,,,,,,,
Murasaki,Shikibu,,,,,,,
Murasaki,Shikibu,,,,,,,
N.,H.,Kleinbaum,,,,,,
Natalia,Ginzburg,,,,,,,
Natalie,Babbitt,,,,,,,
Nathalie,Sarraute,,,,,,,
Nathaniel,Hawthorne,,,,,,,
Nathaniel,Hawthorne,,,,,,,
Neil,Gaiman,,,,,,,
Neil,Gaiman,,,,,,,
Neil,Simon,,,,,,,
Nelson,Mandela,,,,,,,
Nezami,Ganjavi,,,,,,,
Niccolo,Machiavelli,,,,,,,
Nicholas,Evans,,,,,,,
Nicholas,Sparks,,,,,,,
Nicholas,Sparks,,,,,,,
Nicholas,Sparks,,,,,,,
Nicholas,Sparks,,,,,,,
Nicholas,Sparks,,,,,,,
Nicholas,Sparks,,,,,,,
Nicholas,Sparks,,,,,,,
Nicolas,Bouvier,,,,,,,
Nicolas,Guillen,,,,,,,
Nikolai,Gogol,,,,,,,
Nikolay,Nekrasov,,,,,,,
Nikos,Engonopoulos,,,,,,,
Nikos,Engonopoulos,,,,,,,
Nikos,Gatsos,,,,,,,
Nikos,Kazantzakis,,,,,,,
Nils,Ferlin,,,,,,,
Noel,Coward,,,,,,,
Noel,Coward,,,,,,,
Nora,Roberts,,,,,,,
Norman,Cohn,,,,,,,
Norman,Douglas,,,,,,,
Norman,Mailer,,,,,,,
Norman,Mailer,,,,,,,
Norman,Mailer,,,,,,,
Northrop,Frye,,,,,,,
Norton,Juster,,,,,,,
Novalis,,,,,,,,
Novalis,,,,,,,,
Ntozake,Shange,,,,,,,
Octavio,Paz,,,,,,,
Odysseas,Elytis,,,,,,,
Odysseas,Elytis,,,,,,,
Odysseas,Elytis,,,,,,,
Odysseas,Elytis,,,,,,,
Okot,P'Bitek,,,,,,,
Okot,P'Bitek,,,,,,,
Olaudah,Equiano,,,,,,,
Olive,Beaupre,Miller,,,,,,
Oliver,Goldsmith,,,,,,,
Oliver,Goldsmith,,,,,,,
Oliver,Sacks,,,,,,,
Orson,Scott,Card,,,,,,
Oscar,Pujol,,,,,,,
Oscar,Wilde,,,,,,,
Oscar,Wilde,,,,,,,
Oscar,Wilde,,,,,,,
Osip,Mandelstam,,,,,,,
Osip,Mandelstam,,,,,,,
Osip,Mandelstam,,,,,,,
Osip,Mandelstam,,,,,,,
Oswald,Spengler,,,,,,,
Ovid,,,,,,,,
Owen,Wister,,,,,,,
P.,C.,Hooft,,,,,,
P.,A.,de,Genestet,,,,,
P.,L.,Travers,,,,,,
Pablo,Neruda,,,,,,,
Pablo,Neruda,,,,,,,
Pablo,Neruda,,,,,,,
Patricia,MacLachlan,,,,,,,
Patrick,Kavanagh,,,,,,,
Patrick,Leigh,Fermor,,,,,,
Patrick,Radden,Keefe,,,,,,
Patti,Smith,,,,,,,
Paul,Auster,,,,,,,
Paul,Celan,,,,,,,
Paul,Celan,,,,,,,
Paul,eluard,,,,,,,
Paul,Fussell,,,,,,,
Paul,Johnson,,,,,,,
Paul,Theroux,,,,,,,
Paul,Tillich,,,,,,,
Paul,Valery,,,,,,,
Paul,Valery,,,,,,,
Paul,van,Ostaijen,,,,,,
Paul,van,Ostaijen,,,,,,
Paul,Verlaine,,,,,,,
Paula,Fox,,,,,,,
Paula,Hawkins,,,,,,,
Paulo,Coelho,,,,,,,
Pearl,S.,Buck,,,,,,
Penelope,Fitzgerald,,,,,,,
Percy,Bysshe,Shelley,,,,,,
Peter,Fryer,,,,,,,
Peter,Matthiessen,,,,,,,
Peter,Shaffer,,,,,,,
Peter,Shaffer,,,,,,,
Philip,Gourevitch,,,,,,,
Philip,Larkin,,,,,,,
Philip,Larkin,,,,,,,
Philip,Levine,,,,,,,
Philip,Pullman,,,,,,,
Philip,Pullman,,,,,,,
Philip,Pullman,,,,,,,
Philippe,Jacottet,,,,,,,
Phyllis,Reynolds,Naylor,,,,,,
Pierre,Corneille,,,,,,,
Pierre,Ronsard,,,,,,,
Pierre,Ronsard,,,,,,,
Plato,,,,,,,,
Plutarch,,,,,,,,
Primo,Levi,,,,,,,
Primo,Levi,,,,,,,
Quentin,Crisp,,,,,,,
Quintus,Lutatius,Catulus,,,,,,
Quintus,Lutatius,Catulus,,,,,,
R.,G.,Collingwood,,,,,,
R.,D.,Blackmore,,,,,,
Rabindranath,Tagore,,,,,,,
Rachel,Carson,,,,,,,
Radmila,Lazic,,,,,,,
Rainer,Maria,Rilke,,,,,,
Rainer,Maria,Rilke,,,,,,
Rainer,Maria,Rilke,,,,,,
Ralph,Ellison,,,,,,,
Ralph,Waldo,Emerson,,,,,,
Ralph,Waldo,Emerson,,,,,,
Ralph,Waldo,Emerson,,,,,,
Ramon,Gomez,de,la,Serna,,,,
Randall,Jarrell,,,,,,,
Randall,Jarrell,,,,,,,
Randy,Shilts,,,,,,,
Ransom,Riggs,,,,,,,
Raul,Otero,Reiche,,,,,,
Raul,Zurita,,,,,,,
Ray,Bradbury,,,,,,,
Ray,Bradbury,,,,,,,
Raymond,Queneau,,,,,,,
Rebecca,Skloot,,,,,,,
Rebecca,Stead,,,,,,,
Rebecca,West,,,,,,,
Reinhold,Niebuhr,,,,,,,
Rene,Char,,,,,,,
Rene,Descartes,,,,,,,
Rene,Descartes,,,,,,,
Reverend,Samuel,Johnson,,,,,,
Richard,Adams,,,,,,,
Richard,B.,Sheridan,,,,,,
Richard,Bach,,,,,,,
Richard,Dawkins,,,,,,,
Richard,Hofstadter,,,,,,,
Richard,Holmes,,,,,,,
Richard,Holmes,,,,,,,
Richard,M.,Weaver,,,,,,
Richard,P.,Feynman,,,,,,
Richard,Rhodes,,,,,,,
Richard,Wright,,,,,,,
Richard,Wright,,,,,,,
Rick,Riordan,,,,,,,
Rick,Riordan,,,,,,,
Rita,Dove,,,,,,,
Rita,Dove,,,,,,,
Roald,Dahl,,,,,,,
Roald,Dahl,,,,,,,
Roald,Dahl,,,,,,,
Roald,Dahl,,,,,,,
Robert,A.,Heinlein,,,,,,
Robert,Baden-Powell,,,,,,,
Robert,Bin,Shabaan,,,,,,
Robert,Blake,,,,,,,
Robert,Browning,,,,,,,
Robert,Browning,,,,,,,
Robert,Burns,,,,,,,
Robert,Burton,,,,,,,
Robert,Byron,,,,,,,
Robert,C.,O'Brien,,,,,,
Robert,Caro,,,,,,,
Robert,Caro,,,,,,,
Robert,Coles,,,,,,,
Robert,Conquest,,,,,,,
Robert,Cormier,,,,,,,
Robert,E.,Howard,,,,,,
Robert,Frank,,,,,,,
Robert,Frost,,,,,,,
Robert,Frost,,,,,,,
Robert,Frost,,,,,,,
Robert,Frost,,,,,,,
Robert,Gittings,,,,,,,
Robert,Graves,,,,,,,
Robert,Graves,,,,,,,
Robert,James,Waller,,,,,,
Robert,Louis,Stevenson,,,,,,
Robert,Louis,Stevenson,,,,,,
Robert,Louis,Stevenson,,,,,,
Robert,Louis,Stevenson,,,,,,
Robert,Lowell,,,,,,,
Robert,M.,Pirsig,,,,,,
Robert,Nisbet,,,,,,,
Robert,Penn,Warren,,,,,,
Robert,Penn,Warren,,,,,,
Roberto,Bolauo,,,,,,,
Roger,Tory,Peterson,,,,,,
Roland,Barthes,,,,,,,
Romain,Gary,,,,,,,
Rudyard,Kipling,,,,,,,
Rudyard,Kipling,,,,,,,
Russell,Kirk,,,,,,,
Ryszard,Kapuscinski,,,,,,,
S.,E.,Hinton,,,,,,
Saadi,,,,,,,,
Saint-John,Perse,,,,,,,
Sam,Shepard,,,,,,,
Samuel,Beckett,,,,,,,
Samuel,Beckett,,,,,,,
Samuel,Butler,,,,,,,
Samuel,Johnson,,,,,,,
Samuel,Pepys,,,,,,,
Samuel,Taylor,Coleridge,,,,,,
Samuel,Taylor,Coleridge,,,,,,
Samuel,Taylor,Coleridge,,,,,,
Samuel,Taylor,Coleridge,,,,,,
San,Juan,de,la,Cruz,,,,
Sandra,Cisneros,,,,,,,
Sappho,,,,,,,,
Sara,Gruen,,,,,,,
Sarah,DeLappe,,,,,,,
Sarah,Kane,,,,,,,
Sarah,Kane,,,,,,,
Sarah,Ruhl,,,,,,,
Seamus,Heaney,,,,,,,
Seamus,Heaney,,,,,,,
Seamus,Heaney,,,,,,,
Seamus,Heaney,,,,,,,
Sei,Shonagon,,,,,,,
Sei,Shonagon,,,,,,,
Seneca,,,,,,,,
Sewell,Tyng,,,,,,,
Sharon,Creech,,,,,,,
Sheila,Burnford,,,,,,,
Shel,Silverstein,,,,,,,
Shelby,Foote,,,,,,,
Sherman,Alexie,,,,,,,
Sherwood,Anderson,,,,,,,
Sid,Fleischman,,,,,,,
Siddhartha,Mukherjee,,,,,,,
Siegfried,Sassoon,,,,,,,
Sigmund,Freud,,,,,,,
Sigmund,Freud,,,,,,,
Sigmund,Freud,,,,,,,
Sigmund,Freud,,,,,,,
Sigmund,Freud,,,,,,,
Simon,Armitage,,,,,,,
Simon,Stephens,,,,,,,
Simone,de,Beauvoir,,,,,,
Sinclair,Lewis,,,,,,,
Sinclair,Lewis,,,,,,,
Sinclair,Lewis,,,,,,,
Sir,Walter,Scott,,,,,,
Sol,Plaatje,,,,,,,
Solveig,von,Schoultz,,,,,,
Sonia,Sanchez,,,,,,,
Sonia,Sanchez,,,,,,,
Sophie,Treadwell,,,,,,,
Sophocles,,,,,,,,
Sophocles,,,,,,,,
Soren,Kierkegaard,,,,,,,
St.,John,of,the,Cross,,,,
Stefan,Zweig,,,,,,,
Stefan,Zweig,,,,,,,
Stendhal,,,,,,,,
Stephan,Karam,,,,,,,
Stephane,Mallarme,,,,,,,
Stephane,Mallarme,,,,,,,
Stephen,Crane,,,,,,,
Stephen,Greenblatt,,,,,,,
Stephen,Hawking,,,,,,,
Stephen,Jay,Gould,,,,,,
Stephen,King,,,,,,,
Stephen,King,,,,,,,
Stephen,King,,,,,,,
Stephen,King,,,,,,,
Stephen,King,,,,,,,
Stephen,King,,,,,,,
Stephen,King,,,,,,,
Stephen,King,,,,,,,
Stephenie,Meyer,,,,,,,
Stephenie,Meyer,,,,,,,
Sterling,Allen,Brown,,,,,,
Arthur,Paul,Davis,,,,,,
Ulysses,Lee,,,,,,,
Steven,Berkoff,,,,,,,
Stieg,Larsson,,,,,,,
Stieg,Larsson,,,,,,,
Stieg,Larsson,,,,,,,
Studs,Terkel,,,,,,,
Sue,Grafton,,,,,,,
Sue,Monk,Kidd,,,,,,
Suetonius,,,,,,,,
Sukumar,Dutt,,,,,,,
Sun,Tzu,,,,,,,
Surgeon,General,,,,,,,
Susan,Brownmiller,,,,,,,
Susan,Cooper,,,,,,,
Susan,Cooper,,,,,,,
Susan,Patron,,,,,,,
Susan,Sontag,,,,,,,
Suzan-Lori,Parks,,,,,,,
Suzanne,Collins,,,,,,,
Suzanne,Collins,,,,,,,
Suzanne,Collins,,,,,,,
Svetlana,Alexievich,,,,,,,
Svetlana,Alexievich,,,,,,,
Svetlana,Alexievich,,,,,,,
Sylvia,Plath,,,,,,,
Sylvia,Plath,,,,,,,
T.,E.,Lawrence,,,,,,
T.,H.,White,,,,,,
T.,S.,Eliot,,,,,,
T.,S.,Eliot,,,,,,
Ta-Nehisi,Coates,,,,,,,
Takis,Sinopoulos,,,,,,,
Tara,Westover,,,,,,,
Tchicaya,U.,Tam'si,,,,,,
Ted,Hughes,,,,,,,
Ted,Hughes,,,,,,,
Seamus,Heaney,,,,,,,
Tennessee,Williams,,,,,,,
Tennessee,Williams,,,,,,,
Tennessee,Williams,,,,,,,
Terence,Conran,,,,,,,
Teresa,of,Avila,,,,,,
the,Archpriest,Avvakum,,,,,,
Theodor,Adorno,,,,,,,
Max,Horkheimer,,,,,,,
Theodor,Herzl,,,,,,,
Theodore,Dreiser,,,,,,,
Theodore,Dreiser,,,,,,,
Theresa,Hak,Kyung,Cha,,,,,
Theresa,Rebeck,,,,,,,
Thomas,Aquinas,,,,,,,
Thomas,Carlyle,,,,,,,
Thomas,Carlyle,,,,,,,
Thomas,Hardy,,,,,,,
Thomas,Hobbes,,,,,,,
Thomas,Keneally,,,,,,,
Thomas,Keneally,,,,,,,
Thomas,Kuhn,,,,,,,
Thomas,Lovell,Beddoes,,,,,,
Thomas,Malory,,,,,,,
Thomas,Mann,,,,,,,
Thomas,Mann,,,,,,,
Thomas,Mann,,,,,,,
Thomas,Merton,,,,,,,
Thomas,More,,,,,,,
Thomas,Paine,,,,,,,
Thomas,Paine,,,,,,,
Thomas,Wolfe,,,,,,,
Thor,Heyerdahl,,,,,,,
Thornton,Wilder,,,,,,,
Thornton,Wilder,,,,,,,
Thorstein,Veblen,,,,,,,
Thucydides,,,,,,,,
Tim,O'Brien,,,,,,,
Tim,Powers,,,,,,,
Tom,Stoppard,,,,,,,
Tom,Stoppard,,,,,,,
Tom,Stoppard,,,,,,,
Tom,Wolfe,,,,,,,
Tom,Wolfe,,,,,,,
Tom,Wolfe,,,,,,,
Toni,Morrison,,,,,,,
Toni,Morrison,,,,,,,
Toni,Morrison,,,,,,,
Toni,Morrison,,,,,,,
Tony,Judt,,,,,,,
Tony,Kushner,,,,,,,
Tove,Ditlevsen,,,,,,,
Tove,Ditlevsen,,,,,,,
Tracy,Chevalier,,,,,,,
Tracy,Letts,,,,,,,
Tristan,Corbiere,,,,,,,
Truman,Capote,,,,,,,
Truman,Capote,,,,,,,
Truman,Capote,,,,,,,
Ulla,Hahn,,,,,,,
Umberto,Eco,,,,,,,
Upton,Sinclair,,,,,,,
Valmiki,,,,,,,,
Vasily,Grossman,,,,,,,
Vasily,Rozanov,,,,,,,
Velimir,Khlebnikov,,,,,,,
Vera,Brittain,,,,,,,
Vera,Figner,,,,,,,
Vernon,L.,Parrington,,,,,,
Vicente,Aleixandre,,,,,,,
Victor,Hugo,,,,,,,
Victor,Hugo,,,,,,,
Victor,Hugo,,,,,,,
Victor,Hugo,,,,,,,
Viktor,Frankl,,,,,,,
Virgil,,,,,,,,
Virgil,,,,,,,,
Virginia,Hamilton,,,,,,,
Virginia,Woolf,,,,,,,
Virginia,Woolf,,,,,,,
Virginia,Woolf,,,,,,,
Virginia,Woolf,,,,,,,
Virginia,Woolf,,,,,,,
Vladimir,Ilyich,Lenin,,,,,,
Vladimir,Mayakovsky,,,,,,,
Vladimir,Mayakovsky,,,,,,,
Vladimir,Nabokov,,,,,,,
Vladimir,Nabokov,,,,,,,
Vladimir,Nabokov,,,,,,,
Vladimir,Vladimirovich,Nabokov,,,,,,
Voltaire,,,,,,,,
Voltaire,,,,,,,,
Voltaire,,,,,,,,
Vyasa,,,,,,,,
W.,E.,B.,Du,Bois,,,,
W.,G.,Sebald,,,,,,
W.,G.,Sebald,,,,,,
W.,H.,Auden,,,,,,
W.,H.,Auden,,,,,,
W.,H.,Auden,,,,,,
Norman,Holmes,Pearson,,,,,,
W.,Somerset,Maugham,,,,,,
W.,Somerset,Maugham,,,,,,
W.,Somerset,Maugham,,,,,,
Wallace,Stevens,,,,,,,
Wallace,Stevens,,,,,,,
Walt,Whitman,,,,,,,
Walt,Whitman,,,,,,,
Walt,Whitman,,,,,,,
Walter,Jackson,Bate,,,,,,
Walter,Jackson,Bate,,,,,,
Walter,Jackson,Bate,,,,,,
Walter,Lippmann,,,,,,,
Walter,Pater,,,,,,,
Walter,Pater,,,,,,,
Walter,Scott,,,,,,,
Walter,Scott,,,,,,,
Walter,Scott,,,,,,,
Wei,Wang,,,,,,,
Whittaker,Chambers,,,,,,,
Wilkie,Collins,,,,,,,
Wilkie,Collins,,,,,,,
Willa,Cather,,,,,,,
Willa,Cather,,,,,,,
Willa,Cather,,,,,,,
William,Blake,,,,,,,
William,Blake,,,,,,,
William,Butler,Yeats,,,,,,
William,Carlos,Williams,,,,,,
William,Dea,Howells,,,,,,
William,Faulkner,,,,,,,
William,Faulkner,,,,,,,
William,Faulkner,,,,,,,
William,Faulkner,,,,,,,
William,Godwin,,,,,,,
William,Golding,,,,,,,
William,H.,Armstrong,,,,,,
William,H.,McNeill,,,,,,
William,Hazlitt,,,,,,,
William,Hazlitt,,,,,,,
William,James,,,,,,,
William,James,,,,,,,
William,James,,,,,,,
William,L.,Shirer,,,,,,
William,Least,Heat-Moon,,,,,,
William,Makepeace,Thackeray,,,,,,
William,Manchester,,,,,,,
William,P.,Young,,,,,,
William,S.,Burroughs,,,,,,
William,Shakespeare,,,,,,,
William,Shakespeare,,,,,,,
William,Shakespeare,,,,,,,
William,Shakespeare,,,,,,,
William,Shakespeare,,,,,,,
William,Shakespeare,,,,,,,
William,Styron,,,,,,,
William,Trevor,,,,,,,
William,Wordsworth,,,,,,,
William,Wordsworth,,,,,,,
William,Wordsworth,,,,,,,
Samuel,Taylor,Coleridge,,,,,,
William,Wycherley,,,,,,,
Wilson,Rawls,,,,,,,
Winston,Churchill,,,,,,,
Wislawa,Szymborska,,,,,,,
Wislawa,Szymborska,,,,,,,
Xenophon,,,,,,,,
Yann,Martel,,,,,,,
Yannis,Ritsos,,,,,,,
Yannis,Ritsos,,,,,,,
Yasmina,Reza,,,,,,,
Yiannis,Psycharis,,,,,,,
Yuval,Noah,Harari,,,,,,
Zbigniew,Herbert,,,,,,,
Zora,Neale,Hurston,,,,,,
Pythagoras,,,,,,,,
Confucius,,,,,,,,
Heracleitus,,,,,,,,
Parmenides,,,,,,,,
Zeno,,,,,,,,
Socrates,,,,,,,,
Democritus,,,,,,,,
Plato,,,,,,,,
Aristotle,,,,,,,,
Mencius,,,,,,,,
Zhuangzi,,,,,,,,
Pyrrhon,,,,,,,,
Epicurus,,,,,,,,
Zeno,,,,,,,,
Philo,Judaeus,,,,,,,
Marcus,Aurelius,,,,,,,
Nagarjuna,,,,,,,,
Plotinus,,,,,,,,
Sextus,Empiricus,,,,,,,
Saint,Augustine,,,,,,,
Hypatia,,,,,,,,
Boethius,,,,,,,,
Sankara,,,,,,,,
Yaqub,ibn,Ishaq,as-sabah,al-Kindi,,,,
Al-Farabi,,,,,,,,
Avicenna,,,,,,,,
Ramanuja,,,,,,,,
Ibn,Gabirol,,,,,,,
Saint,Anselm,of,Canterbury,,,,,
al-Ghazali,,,,,,,,
Peter,Abelard,,,,,,,
Averroes,,,,,,,,
Zhu,Xi,,,,,,,
Moses,Maimonides,,,,,,,
Ibn,al-'Arabi,,,,,,,
Shinran,,,,,,,,
Saint,Thomas,Aquinas,,,,,,
John,Duns,Scotus,,,,,,
William,of,Ockham,,,,,,
Niccolo,Machiavelli,,,,,,,
Wang,Yangming,,,,,,,
Francis,Bacon,,,,,,,
Thomas,Hobbes,,,,,,,
Rene,Descartes,,,,,,,
John,Locke,,,,,,,
Benedict,de,Spinoza,,,,,,
Gottfried,Wilhelm,Leibniz,,,,,,
Giambattista,Vico,,,,,,,
George,Berkeley,,,,,,,
Montesquieu,,,,,,,,
David,Hume,,,,,,,
Jean-Jacques,Rousseau,,,,,,,
Immanuel,Kant,,,,,,,
Moses,Mendelssohn,,,,,,,
Marie-Jean-Antoine-Nicolas,de,Caritat,marquis,de,Condorcet,,,
Jeremy,Bentham,,,,,,,
Georg,Wilhelm,Friedrich,Hegel,,,,,
Arthur,Schopenhauer,,,,,,,
Auguste,Comte,,,,,,,
John,Stuart,Mill,,,,,,
Soren,Kierkegaard,,,,,,,
Karl,Marx,,,,,,,
Herbert,Spencer,,,,,,,
Wilhelm,Dilthey,,,,,,,
William,James,,,,,,,
Friedrich,Nietzsche,,,,,,,
Frege,,,,,,,,
Edmund,Husserl,,,,,,,
Henri,Bergson,,,,,,,
John,Dewey,,,,,,,
Alfred,North,Whitehead,,,,,,
Benedetto,Croce,,,,,,,
Nishida,Kitaro,,,,,,,
Bertrand,Russell,,,,,,,
G.E.,Moore,,,,,,,
Martin,Buber,,,,,,,
Ludwig,Wittgenstein,,,,,,,
Martin,Heidegger,,,,,,,
Rudolf,Carnap,,,,,,,
Sir,Karl,Popper,,,,,,
Theodor,Wiesengrund,Adorno,,,,,,
Jean-Paul,Sartre,,,,,,,
Hannah,Arendt,,,,,,,
Simone,de,Beauvoir,,,,,,
Willard,Van,Orman,Quine,,,,,
Sir,A.J.,Ayer,,,,,,
Wilfrid,Sellars,,,,,,,
John,Rawls,,,,,,,
Thomas,S.,Kuhn,,,,,,
Michel,Foucault,,,,,,,
Noam,Chomsky,,,,,,,
Jurgeb,Gabernas,,,,,,,
Sir,Bernard,Williams,,,,,,
Jacques,Derrida,,,,,,,
Richard,Rorty,,,,,,,
Robert,Nozick,,,,,,,
Saul,Kripke,,,,,,,
David,Kellogg,Lewis,,,,,,
Peter,Albert,David,Singer,,,,,
Socrates,,,,,,,,
Plato,,,,,,,,
Aristotle,,,,,,,,
Immanuel,Kant,,,,,,,
Rene,Descartes,,,,,,,
Friedrich,Nietzsche,,,,,,,
Karl,Marx,,,,,,,
Avicenna,,,,,,,,
David,Hume,,,,,,,
Martin,Heidegger,,,,,,,
Ludwig,Wittgenstein,,,,,,,
John,Locke,,,,,,,
Georg,Wilhelm,Friedrich,Hegel,,,,,
Thomas,Aquinas,,,,,,,
Soren,Kierkegaard,,,,,,,
Edmund,Husserl,,,,,,,
Jean-Paul,Sartre,,,,,,,
Jacques,Derrida,,,,,,,
Michel,Foucault,,,,,,,
Averroes,,,,,,,,
John,Stuart,Mill,,,,,,
William,James,,,,,,,
Gottfried,Wilhelm,Leibniz,,,,,,
Frege,,,,,,,,
Karl,Marx,,,,,,,
Friedrich,Nietzsche,,,,,,,
Aristotle,,,,,,,,
Noam,Chomsky,,,,,,,
Plato,,,,,,,,
Marcus,Aurelius,,,,,,,
Niccolo,Machiavelli,,,,,,,
Immanuel,Kant,,,,,,,
John,Locke,,,,,,,
Confucius,,,,,,,,
Voltaire,,,,,,,,
Albert,Camus,,,,,,,
Adam,Smith,,,,,,,
Jean-Jacques,Rousseau,,,,,,,
Michel,Foucault,,,,,,,
Bertrand,Russell,,,,,,,
Francis,Bacon,,,,,,,
Ralph,Waldo,Emerson,,,,,,
Slavoj,Zizek,,,,,,,
Soren,Kierkegaard,,,,,,,
Thomas,Hobbes,,,,,,,
Georg,Wilhelm,Friedrich,Hegel,,,,,
Diogenes,Of,Sinope,,,,,,
David,Hume,,,,,,,
Arthur,Schopenhauer,,,,,,,
John,Stuart,Mill,,,,,,
Avicenna,,,,,,,,
Simone,de,Beauvoir,,,,,,
Hannah,Arendt,,,,,,,
Baruch,Spinoza,,,,,,,
Sun,Tzu,,,,,,,
Lao,Tzu,,,,,,,
Martin,Heidegger,,,,,,,
Lucius,Annaeus,Seneca,,,,,,
John,Dewey,,,,,,,
William,James,,,,,,,
Jeremy,Bentham,,,,,,,
Edmund,Burke,,,,,,,
Montesquieu,,,,,,,,
Jacques,Derrida,,,,,,,
Karl,Popper,,,,,,,
Heraclitus,,,,,,,,
Judith,Butler,,,,,,,
Maimonides,,,,,,,,
Epicurus,,,,,,,,
Jacques,Lacan,,,,,,,
Auguste,Comte,,,,,,,
Albert,Schweitzer,,,,,,,
John,Rawls,,,,,,,
Ludwig,Wittgenstein,,,,,,,
Walter,Benjamin,,,,,,,
Jurgen,Habermas,,,,,,,
Averroes,,,,,,,,
Roland,Barthes,,,,,,,
Theodor,W.,Adorno,,,,,,
Denis,Diderot,,,,,,,
Edmund,Husserl,,,,,,,
Parmenides,,,,,,,,
George,Berkeley,,,,,,,
Louis,Althusser,,,,,,,
Thomas,Kuhn,,,,,,,
Anselm,,,,,,,,
Henri,Bergson,,,,,,,
Zeno,,,,,,,,
Anicius,Manlius,Severinus,Boethius,,,,,
William,of,Ockham,,,,,,
Plotinus,,,,,,,,
Giorgio,Agamben,,,,,,,
Richard,Rorty,,,,,,,
Maurice,Merleau-Ponty,,,,,,,
George,Herbert,Mead,,,,,,
Duns,Scotus,,,,,,,
Alain,Badiou,,,,,,,
Willard,Van,Orman,Quine,,,,,
Johann,Gottlieb,Fichte,,,,,,
Bonaventure,,,,,,,,
Johann,Gottfried,Herder,,,,,,
Emmanuel,Levinas,,,,,,,
Jean-Francois,Lyotard,,,,,,,
Mozi,,,,,,,,
Paul,Feyerabend,,,,,,,
J.,L.,Austin,,,,,,
Max,Horkheimer,,,,,,,
Friedrich,Wilhelm,Joseph,Schelling,,,,,
Hans-Georg,Gadamer,,,,,,,
Luce,Irigaray,,,,,,,
Paul,Ricoeur,,,,,,,
Rudolf,Carnap,,,,,,,
St.,Augustine,,,,,,,
Jacques,Ranciere,,,,,,,
Franz,Brentano,,,,,,,
Proclus,,,,,,,,
Thomas,Aquinas,,,,,,,
Donald,Davidson,,,,,,,
Wilhelm,Dilthey,,,,,,,
Ernst,Cassirer,,,,,,,
Max,Scheler,,,,,,,
Michel,Henry,,,,,,,
Jean-Luc,Nancy,,,,,,,
Thomas,à,Kempis,,,,,,
Edwin,A.,Abbott,,,,,,
Henry,Adams,,,,,,,
Jane,Addams,,,,,,,
Aeschylus,,,,,,,,
Aesop,,,,,,,,
A.,N.,Afanasyev,,,,,,
Abu,al-ʻAlaʼ,al-Maʻarri,,,,,,
Louisa,May,Alcott,,,,,,
Archibald,Alexander,,,,,,,
Horatio,Alger,Jr.,,,,,,
Dante,Alighieri,,,,,,,
Margery,Allingham,,,,,,,
Poul,Anderson,,,,,,,
Sherwood,Anderson,,,,,,,
Leonid,Andreyev,,,,,,,
Anonymous,,,,,,,,
Apuleius,,,,,,,,
Ludovico,Ariosto,,,,,,,
Aristotle,,,,,,,,
Elizabeth,von,Arnim,,,,,,
Matthew,Arnold,,,,,,,
Mikhail,Artsybashev,,,,,,,
Daisy,Ashford,,,,,,,
Marcus,Aurelius,,,,,,,
Jane,Austen,,,,,,,
Mary,Austin,,,,,,,
Charles,Babbage,,,,,,,
H.,C.,Bailey,,,,,,
Philip,James,Bailey,,,,,,
R.,M.,Ballantyne,,,,,,
HonorE,de,Balzac,,,,,,
David,Park,Barnitz,,,,,,
P.,T.,Barnum,,,,,,
J.,M.,Barrie,,,,,,
L.,Frank,Baum,,,,,,
William,Beckford,,,,,,,
Max,Beerbohm,,,,,,,
Edward,Bellamy,,,,,,,
Hilaire,Belloc,,,,,,,
Arnold,Bennett,,,,,,,
E.,F.,Benson,,,,,,
Godfrey,R.,Benson,,,,,,
E.,C.,Bentley,,,,,,
Alexander,Berkman,,,,,,,
Ambrose,Bierce,,,,,,,
Earl,Derr,Biggers,,,,,,
Black,Hawk,,,,,,,
Jack,Black,,,,,,,
R.,D.,Blackmore,,,,,,
Giovanni,Boccaccio,,,,,,,
Boethius,,,,,,,,
Rolf,Boldrewood,,,,,,,
Guy,Boothby,,,,,,,
George,Borrow,,,,,,,
Ray,Bradbury,,,,,,,
M.,E.,Braddon,,,,,,
Ernest,Bramah,,,,,,,
Angela,Brazil,,,,,,,
Linda,Brent,,,,,,,
Louis,Bromfield,,,,,,,
Anne,Brontë,,,,,,,
Charlotte,Brontë,,,,,,,
Emily,Brontë,,,,,,,
William,Wells,Brown,,,,,,
Elizabeth,Barrett,Browning,,,,,,
John,Buchan,,,,,,,
Pearl,S.,Buck,,,,,,
Algis,Budrys,,,,,,,
Thomas,Bulfinch,,,,,,,
Edward,Bulwer-Lytton,,,,,,,
Ivan,Bunin,,,,,,,
John,Bunyan,,,,,,,
Thornton,W.,Burgess,,,,,,
Frances,Hodgson,Burnett,,,,,,
Fanny,Burney,,,,,,,
Walter,Noble,Burns,,,,,,
Edgar,Rice,Burroughs,,,,,,
Richard,F.,Burton,,,,,,
Samuel,Butler,,,,,,,
Samuel,Butler,,,,,,,
Lord,Byron,,,,,,,
James,Branch,Cabell,,,,,,
Julius,Caesar,,,,,,,
John,W.,Campbell,,,,,,
Karel,Čapek,,,,,,,
Thomas,Carlyle,,,,,,,
Pedro,Carolino,
JosE,da,Fonseca,,,
Lewis,Carroll,,,,,,,
Willa,Cather,,,,,,,
Margaret,Cavendish,,,,,,,
Miguel,de,Cervantes,Saavedra,,,,,
Robert,W.,Chambers,,,,,,
Geoffrey,Chaucer,,,,,,,
Anton,Chekhov,,,,,,,
Apsley,Cherry-Garrard,,,,,,,
Charles,W.,Chesnutt,,,,,,
G.,K.,Chesterton,,,,,,
Erskine,Childers,,,,,,,
Kate,Chopin,,,,,,,
Agatha,Christie,,,,,,,
Cicero,,,,,,,,
William,F.,Cody,,,,,,
Wilkie,Collins,,,,,,,
Carlo,Collodi,,,,,,,
Ivy,Compton-Burnett,,,,,,,
Auguste,Comte,,,,,,,
William,Congreve,,,,,,,
J.,J.,Connington,,,,,,
Joseph,Conrad,,,,,,,
Calvin,Coolidge,,,,,,,
Anna,Julia,Cooper,,,,,,
James,Fenimore,Cooper,,,,,,
Noël,Coward,,,,,,,
William,Craft,
Ellen,Craft,,,,
Stephen,Crane,,,,,,,
F.,Marion,Crawford,,,,,,
Freeman,Wills,Crofts,,,,,,
Richmal,Crompton,,,,,,,
Ernest,Howard,Crosby,,,,,,
E.,E.,Cummings,,,,,,
Frank,Hamilton,Cushing,,,,,,
Charles,Darwin,,,,,,,
Dorothy,Day,,,,,,,
Voltairine,de,Cleyre,,,,,,
Xavier,de,Maistre,,,,,,
James,De,Mille,,,,,,
Francisco,de,Quevedo,,,,,,
Thomas,De,Quincey,,,,,,
Daniel,Defoe,,,,,,,
Samuel,R.,Delany,,,,,,
Grazia,Deledda,,,,,,,
RenE,Descartes,,,,,,,
John,Dewey,,,,,,,
Philip,K.,Dick,,,,,,
Charles,Dickens,,,,,,,
Diogenes,Laërtius,,,,,,,
Benjamin,Disraeli,,,,,,,
Franklin,W.,Dixon,,,,,,
Fyodor,Dostoevsky,,,,,,,
Lloyd,C.,Douglas,,,,,,
Frederick,Douglass,,,,,,,
Arthur,Conan,Doyle,,,,,,
Theodore,Dreiser,,,,,,,
W.,E.,B.,Du,Bois,,,,
George,du,Maurier,,,,,,
Paul,Dukes,,,,,,,
Alexandre,Dumas,,,,,,,
Paul,Laurence,Dunbar,,,,,,
Lord,Dunsany,,,,,,,
Jonathan,Dymond,,,,,,,
E.,R.,Eddison,,,,,,
Maria,Edgeworth,,,,,,,
George,Eliot,,,,,,,
T.,S.,Eliot,,,,,,
Ralph,Waldo,Emerson,,,,,,
Epictetus,,,,,,,,
Olaudah,Equiano,,,,,,,
John,Meade,Falkner,,,,,,
William,Faulkner,,,,,,,
Edna,Ferber,,,,,,,
Henry,Fielding,,,,,,,
F.,Scott,Fitzgerald,,,,,,
Camille,Flammarion,,,,,,,
Gustave,Flaubert,,,,,,,
J.,S.,Fletcher,,,,,,
Barbara,Newhall,Follett,,,,,,
Mary,Parker,Follett,,,,,,
Ford,Madox,Ford,,,,,,
C.,S.,Forester,,,,,,
E.,M.,Forster,,,,,,
Anatole,France,,,,,,,
Marie,de,France,,,,,,
Benjamin,Franklin,,,,,,,
Miles,Franklin,,,,,,,
Harold,Frederic,,,,,,,
Robert,Frost,,,,,,,
Henry,Blake,Fuller,,,,,,
Joseph,Furphy,,,,,,,
Emile,Gaboriau,,,,,,,
John,Galsworthy,,,,,,,
Mahatma,Gandhi,,,,,,,
David,Garnett,,,,,,,
Vsevolod,Garshin,,,,,,,
Elizabeth,Gaskell,,,,,,,
Henry,George,,,,,,,
Geronimo,,,,,,,,
Edward,Gibbon,,,,,,,
Khalil,Gibran,,,,,,,
Charlotte,Perkins,Gilman,,,,,,
George,Gissing,,,,,,,
Karl,Gjellerup,,,,,,,
J.,W.,von,Goethe,,,,,
Nikolai,Gogol,,,,,,,
Emma,Goldman,,,,,,,
Oliver,Goldsmith,,,,,,,
Edmond,de,Goncourt,
Jules,de,Goncourt,,
Kenneth,Grahame,,,,,,,
Ulysses,S.,Grant,,,,,,
Jean,Grave,,,,,,,
Thomas,Gray,,,,,,,
Anna,Katharine,Green,,,,,,
Graham,Greene,,,,,,,
Lady,Gregory,
W.,B.,Yeats,,,
George,Grey,,,,,,,
Zane,Grey,,,,,,,
Jacob,Grimm,
Wilhelm,Grimm,,,,
H.,Rider,Haggard,,,,,,
Radclyffe,Hall,,,,,,,
Alexander,Hamilton,,
John,Jay,
James,Madison,,,
Cicely,Hamilton,,,,,,,
Dashiell,Hammett,,,,,,,
Knut,Hamsun,,,,,,,
Thea,von,Harbou,,,,,,
Thomas,Hardy,,,,,,,
Frances,Ellen,Watkins,Harper,,,,,
Harry,Harrison,,,,,,,
Nathaniel,Hawthorne,,,,,,,
William,Hazlitt,,,,,,,
Ernest,Hemingway,,,,,,,
Louis,HEmon,,,,,,,
O.,Henry,,,,,,,
Matthew,Henson,,,,,,,
Herodotus,,,,,,,,
Hermann,Hesse,,,,,,,
Georgette,Heyer,,,,,,,
Thomas,Hobbes,,,,,,,
L.,T.,Hobhouse,,,,,,
William,Hope,Hodgson,,,,,,
E.,T.,A.,Hoffmann,,,,,
James,Hogg,,,,,,,
Robert,Derby,Holmes,,,,,,
Homer,,,,,,,,
Anthony,Hope,,,,,,,
E.,W.,Hornung,,,,,,
Robert,E.,Howard,,,,,,
William,Dean,Howells,,,,,,
Langston,Hughes,,,,,,,
Langston,Hughes,
Zora,Neale,Hurston,,,
Thomas,Hughes,,,,,,,
Victor,Hugo,,,,,,,
David,Hume,,,,,,,
Fergus,Hume,,,,,,,
Aldous,Huxley,,,,,,,
J.-K.,Huysmans,,,,,,,
C.,J.,Cutcliffe,Hyne,,,,,
Henrik,Ibsen,,,,,,,
Washington,Irving,,,,,,,
Joseph,Jacobs,,,,,,,
W.,W.,Jacobs,,,,,,
J.,P.,Jacobsen,,,,,,
Henry,James,,,,,,,
M.,R.,James,,,,,,
Will,James,,,,,,,
William,James,,,,,,,
Richard,Jefferies,,,,,,,
Jerome,K.,Jerome,,,,,,
Sarah,Orne,Jewett,,,,,,
Captain,Charles,Johnson,,,,,,
E.,Pauline,Johnson,,,,,,
Georgia,Douglas,Johnson,,,,,,
James,Weldon,Johnson,,,,,,
Owen,Johnson,,,,,,,
Samuel,Johnson,,,,,,,
Ben,Jonson,,,,,,,
James,Joyce,,,,,,,
Richard,Henry,Dana,Jr.,,,,,
Herminie,Templeton,Kavanagh,,,,,,
John,Keats,,,,,,,
Helen,Keller,,,,,,,
John,Maynard,Keynes,,,,,,
Omar,Khayyam,,,,,,,
Charles,Kingsley,,,,,,,
Rudyard,Kipling,,,,,,,
E.,F.,Knight,,,,,,
Ronald,A.,Knox,,,,,,
Vladimir,Korolenko,,,,,,,
Peter,Kropotkin,,,,,,,
Aleksandr,Kuprin,,,,,,,
Henry,Kuttner,,,,,,,
Oliver,La,Farge,,,,,,
Francis,La,Flesche,,,,,,
Pierre,Choderlos,de,Laclos,,,,,
R.,A.,Lafferty,,,,,,
Selma,Lagerlof,,,,,,,
Rose,Wilder,Lane,,,,,,
Laozi,,,,,,,,
Nella,Larsen,,,,,,,
D.,H.,Lawrence,,,,,,
T.,E.,Lawrence,,,,,,
Henry,Lawson,,,,,,,
Gustave,Le,Bon,,,,,,
J.,Sheridan,Le,Fanu,,,,,
Stephen,Leacock,,,,,,,
Edward,Lear,,,,,,,
Maurice,Leblanc,,,,,,,
Fritz,Leiber,,,,,,,
Gaston,Leroux,,,,,,,
Alain-RenE,Lesage,,,,,,,
C.,S.,Lewis,,,,,,
M.,G.,Lewis,,,,,,
Sinclair,Lewis,,,,,,,
Jonas,Lie,,,,,,,
David,Lindsay,,,,,,,
John,Locke,,,,,,,
Hugh,Lofting,,,,,,,
Jack,London,,,,,,,
Frank,Belknap,Long,,,,,,
Elias,Lonnrot,,,,,,,
Anita,Loos,,,,,,,
H.,P.,Lovecraft,,,,,,
Marie,Belloc,Lowndes,,,,,,
Mina,Loy,,,,,,,
Fitz,Hugh,Ludlow,,,,,,
George,MacDonald,,,,,,,
Arthur,Machen,,,,,,,
Niccolò,Machiavelli,,,,,,,
Alexander,Mackenzie,,,,,,,
Compton,Mackenzie,,,,,,,
Maurice,Maeterlinck,
Georgette,Leblanc,,,,
Errico,Malatesta,,,,,,,
Thomas,Malory,,,,,,,
Thomas,Mann,,,,,,,
Walter,de,la,Mare,,,,,
Percy,Marks,,,,,,,
Christopher,Marlowe,,,,,,,
Richard,Marsh,,,,,,,
Edison,Marshall,,,,,,,
Karl,Marx,
Friedrich,Engels,,,,
Walter,S.,Masterman,,,,,,
Edgar,Lee,Masters,,,,,,
Charles,Robert,Maturin,,,,,,
W.,Somerset,Maugham,,,,,,
Guy,de,Maupassant,,,,,,
Johnston,McCulley,,,,,,,
George,Barr,McCutcheon,,,,,,
H.,C.,McNeile,,,,,,
Herman,Melville,,,,,,,
George,Meredith,,,,,,,
A.,Merritt,,,,,,,
Adam,Mickiewicz,,,,,,,
John,Stuart,Mill,,,,,,
Walter,M.,Miller,Jr.,,,,,
A.,A.,Milne,,,,,,
John,Milton,,,,,,,
Octave,Mirbeau,,,,,,,
Hope,Mirrlees,,,,,,,
FrEdEric,Mistral,,,,,,,
S.,M.,Mitra,,,,,,
Molière,,,,,,,,
C.,E.,Montague,,,,,,
L.,M.,Montgomery,,,,,,
G.,E.,Moore,,,,,,
Christopher,Morley,,,,,,,
William,Morris,,,,,,,
John,Muir,,,,,,,
Lewis,Mumford,,,,,,,
Natsume,Soseki,,,,,,,
John,G.,Neihardt,,,,,,
E.,Nesbit,,,,,,,
John,Henry,Newman,,,,,,
Martin,Andersen,Nexo,,,,,,
Friedrich,Nietzsche,,,,,,,
Frank,Norris,,,,,,,
Solomon,Northup,,,,,,,
Andre,Norton,,,,,,,
Philip,Francis,Nowlan,,,,,,
Liam,O'Flaherty,,,,,,,
Eugene,O'Neill,,,,,,,
Okakura,Kakuzo,,,,,,,
Margaret,Oliphant,,,,,,,
E.,Phillips,Oppenheim,,,,,,
Baroness,Orczy,,,,,,,
Ovid,,,,,,,,
Wilfred,Owen,,,,,,,
Thomas,Paine,,,,,,,
Walter,Pater,,,,,,,
Banjo,Paterson,,,,,,,
Thomas,Love,Peacock,,,,,,
Samuel,Pepys,,,,,,,
Fernando,Pessoa,,,,,,,
Julia,Peterkin,,,,,,,
Pindar,,,,,,,,
Arthur,W.,Pinero,,,,,,
H.,Beam,Piper,,,,,,
Luigi,Pirandello,,,,,,,
Plato,,,,,,,,
Edgar,Allan,Poe,,,,,,
Frederik,Pohl,
C.,M.,Kornbluth,,,
Frederik,Pohl,,,,,,,
John,William,Polidori,,,,,,
Ernest,Poole,,,,,,,
Eleanor,H.,Porter,,,,,,
Beatrix,Potter,,,,,,,
Katharine,Susannah,Prichard,,,,,,
J.,B.,Priestley,,,,,,
Procopius,,,,,,,,
Pierre-Joseph,Proudhon,,,,,,,
Marcel,Proust,,,,,,,
Sarah,Louisa,Forten,Purvis,,,,,
Alexander,Pushkin,,,,,,,
Arthur,Quiller-Couch,,,,,,,
Ann,Radcliffe,,,,,,,
Rudolph,Erich,Raspe,,,,,,
John,Reed,,,,,,,
Erich,Maria,Remarque,,,,,,
Mack,Reynolds,,,,,,,
Apollonius,of,Rhodes,,,,,,
Dorothy,M.,Richardson,,,,,,
Henry,Handel,Richardson,,,,,,
Samuel,Richardson,,,,,,,
Ameen,Rihani,,,,,,,
Jacob,Riis,,,,,,,
Mary,Roberts,Rinehart,,,,,,
JosE,Rizal,,,,,,,
Carey,Rockwell,,,,,,,
Edward,Payson,Roe,,,,,,
Sax,Rohmer,,,,,,,
Frederick,Rolfe,,,,,,,
Romain,Rolland,,,,,,,
Theodore,Roosevelt,,,,,,,
Roswitha,of,Gandersheim,,,,,,
Jean-Jacques,Rousseau,,,,,,,
Susanna,Haswell,Rowson,,,,,,
John,Ruskin,,,,,,,
Bertrand,Russell,,,,,,,
George,William,Russell,,,,,,
Mark,Rutherford,,,,,,,
Rafael,Sabatini,,,,,,,
Felix,Salten,,,,,,,
Edgar,Saltus,,,,,,,
George,Sand,,,,,,,
Dorothy,L.,Sayers,,,,,,
Walter,Scott,,,,,,,
Mary,Seacole,,,,,,,
Seneca,,,,,,,,
Robert,W.,Service,,,,,,
Anna,Sewell,,,,,,,
Ernest,Shackleton,,,,,,,
William,Shakespeare,
John,Fletcher,,,,
William,Shakespeare,,,,,,,
George,Bernard,Shaw,,,,,,
Robert,Sheckley,,,,,,,
Mary,Shelley,,,,,,,
Richard,Brinsley,Sheridan,,,,,,
Taras,Shevchenko,,,,,,,
Henryk,Sienkiewicz,,,,,,,
Upton,Sinclair,,,,,,,
Sigfrid,Siwertz,,,,,,,
Adam,Smith,,,,,,,
Cordwainer,Smith,,,,,,,
E.,E.,Smith,,,,,,
Hjalmar,Soderberg,,,,,,,
Fyodor,Sologub,,,,,,,
Sophocles,,,,,,,,
Edmund,Spenser,,,,,,,
Johanna,Spyri,,,,,,,
H.,de,Vere,Stacpoole,,,,,
Richard,Steele,,,,,,,
Gertrude,Stein,,,,,,,
John,Steinbeck,,,,,,,
Stendhal,,,,,,,,
James,Stephens,,,,,,,
Laurence,Sterne,,,,,,,
Robert,Louis,Stevenson,,,,,,
Bram,Stoker,,,,,,,
Harriet,Beecher,Stowe,,,,,,
Lytton,Strachey,,,,,,,
August,Strindberg,,,,,,,
Suetonius,,,,,,,,
Etsu,Inagaki,Sugimoto,,,,,,
Alan,Sullivan,,,,,,,
Sun,Tzu,,,,,,,
Bertha,von,Suttner,,,,,,
Jonathan,Swift,,,,,,,
J.,M.,Synge,,,,,,
Rabindranath,Tagore,,,,,,,
Tanizaki,Jun'ichiro,,,,,,,
Booth,Tarkington,,,,,,,
R.,H.,Tawney,,,,,,
Tom,Taylor,,,,,,,
Alfred,,Lord,Tennyson,,,,,
Josephine,Tey,,,,,,,
William,Makepeace,Thackeray,,,,,,
Ella,Cheever,Thayer,,,,,,
Thiruvalluvar,,,,,,,,
Edward,Thomas,,,,,,,
Henry,David,Thoreau,,,,,,
Russell,Thorndike,,,,,,,
Thucydides,,,,,,,,
Leo,Tolstoy,,,,,,,
Jean,Toomer,,,,,,,
A.,W.,Tozer,,,,,,
Anthony,Trollope,,,,,,,
Ivan,Turgenev,,,,,,,
Mark,Twain,,,,,,,
Evelyn,Underhill,,,,,,,
S.,S.,Van,Dine,,,,,
Thorstein,Veblen,,,,,,,
Jules,Verne,,,,,,,
Virgil,,,,,,,,
Voltaire,,,,,,,,
Ethel,Voynich,,,,,,,
Edgar,Wallace,,,,,,,
Lew,Wallace,,,,,,,
Horace,Walpole,,,,,,,
Hugh,Walpole,,,,,,,
Sylvia,Townsend,Warner,,,,,,
Booker,T.,Washington,,,,,,
Evelyn,Waugh,,,,,,,
John,Webster,,,,,,,
Stanley,G.,Weinbaum,,,,,,
Manly,Wade,Wellman,,,,,,
H.,G.,Wells,,,,,,
Edward,Noyes,Westcott,,,,,,
Edith,Wharton,,,,,,,
Phillis,Wheatley,,,,,,,
Fred,M.,White,,,,,,
Walt,Whitman,,,,,,,
Edward,Whymper,,,,,,,
Oscar,Wilde,,,,,,,
Thornton,Wilder,,,,,,,
William,Carlos,Williams,,,,,,
Harriet,E.,Wilson,,,,,,
Margaret,Wilson,,,,,,,
Owen,Wister,,,,,,,
Ludwig,Wittgenstein,,,,,,,
P.,G.,Wodehouse,,,,,,
Thomas,Wolfe,,,,,,,
William,Wollaston,,,,,,,
Mary,Wollstonecraft,,,,,,,
Virginia,Woolf,,,,,,,
William,Wordsworth
Samuel,Taylor,Coleridge,,,
William,Wycherley,,,,,,,
Philip,Wylie,,,,,,,
Johann,David,Wyss,,,,,,
W.,B.,Yeats,,,,,,
Yevgeny,Zamyatin,,,,,,,
Israel,Zangwill,,,,,,,
Zitkala-Sa,,,,,,,,
Emile,Zola,,,,,,,
